"","ibge7","municipio","X2000","X2010","long","latit"
"1",3100104,"Abadia dos Dourados",16.64,11.05,-47.2411,-18.2908
"2",3100203,"Abaeté",15.27,10.68,-45.2645,-19.0936
"3",3100302,"Abre Campo",20.81,15.08,-42.2839,-20.1804
"4",3100401,"Acaiaca",24.22,17.13,-43.0841,-20.2145
"5",3100500,"Açucena",34.43,24.9,-42.3247,-19.0423
"6",3100609,"Água Boa",47.34,36.15,-42.232,-17.5946
"7",3100708,"Água Comprida",12,9.58,-48.0632,-20.0323
"8",3100807,"Aguanil",22.19,15.92,-45.2334,-20.5633
"9",3100906,"Águas Formosas",43.19,31.36,-40.5609,-17.0456
"10",3101003,"Águas Vermelhas",46.17,36.55,-41.2736,-15.445
"11",3101102,"Aimorés",24.81,17.71,-41.035,-19.2945
"12",3101201,"Aiuruoca",20.8,17.17,-44.3611,-21.5832
"13",3101300,"Alagoa",21.01,17.27,-44.3831,-22.1014
"14",3101409,"Albertina",20.96,14.77,-46.3657,-22.1203
"15",3101508,"Além Paraíba",11.42,7.57,-42.4216,-21.5316
"16",3101607,"Alfenas",10.92,7.15,-45.565,-21.2545
"17",3101631,"Alfredo Vasconcelos",20.6,12.61,-43.4637,-21.0843
"18",3101706,"Almenara",39.68,27.66,-40.414,-16.1101
"19",3101805,"Alpercata",28.84,20.25,-41.5813,-18.5827
"20",3101904,"Alpinópolis",13.41,9.49,-46.2317,-20.5149
"21",3102001,"Alterosa",18.27,12.69,-46.0835,-21.1457
"22",3102050,"Alto Caparaó",21.08,14.27,-41.5206,-20.26
"23",3153509,"Alto Jequitibá",17.26,12.98,-41.5759,-20.2526
"24",3102100,"Alto Rio Doce",24.02,18.43,-43.2441,-21.0133
"25",3102209,"Alvarenga",31.2,22.54,-41.4343,-19.2502
"26",3102308,"Alvinópolis",18.36,13.66,-43.0256,-20.0624
"27",3102407,"Alvorada de Minas",34.43,25.98,-43.2155,-18.441
"28",3102506,"Amparo da Serra",28.73,20.64,-42.4809,-20.3026
"29",3102605,"Andradas",15.32,10.36,-46.3409,-22.0405
"30",3102803,"Andrelândia",17.65,12.97,-44.1833,-21.4423
"31",3102852,"Angelândia",44.63,34.71,-42.0945,-17.3608
"32",3102902,"Antônio Carlos",19.6,14.28,-43.4448,-21.1905
"33",3103009,"Antônio Dias",28.26,20.09,-42.522,-19.391
"34",3103108,"Antônio Prado de Minas",16.4,13.03,-42.0634,-21.0058
"35",3103207,"Araçaí",11.84,12.69,-44.1453,-19.1155
"36",3103306,"Aracitaba",23.51,15.28,-43.2242,-21.2033
"37",3103405,"Araçuaí",31.93,22.58,-42.0413,-16.5059
"38",3103504,"Araguari",8.5,5.83,-48.1114,-18.385
"39",3103603,"Arantina",18.77,12.13,-44.1521,-21.544
"40",3103702,"Araponga",36.71,28.67,-42.3115,-20.4
"41",3103751,"Araporã",15.21,10.63,-49.1106,-18.261
"42",3103801,"Arapuá",16.22,9.56,-46.092,-19.0202
"43",3103900,"Araújos",16.25,10.29,-45.0956,-19.5653
"44",3104007,"Araxá",9.09,5.16,-46.5626,-19.3536
"45",3104106,"Arceburgo",17.08,13.19,-46.5624,-21.2151
"46",3104205,"Arcos",9.95,6.05,-45.3222,-20.1655
"47",3104304,"Areado",15.85,8.9,-46.0844,-21.2131
"48",3104403,"Argirita",17.17,12.8,-42.501,-21.3636
"49",3104452,"Aricanduva",40.72,28.65,-42.3325,-17.5202
"50",3104502,"Arinos",30.02,19.26,-46.062,-15.5501
"51",3104601,"Astolfo Dutra",14.53,8.66,-42.5144,-21.1855
"52",3104700,"Ataléia",43.34,32.11,-41.0636,-18.0237
"53",3104809,"Augusto de Lima",23.35,17.94,-44.1601,-18.0633
"54",3104908,"Baependi",18.71,12.39,-44.5324,-21.5732
"55",3105004,"Baldim",17.69,11.43,-43.5725,-19.1718
"56",3105103,"Bambuí",14.44,9.29,-45.5837,-20.0023
"57",3105202,"Bandeira",48.77,37.73,-40.3334,-15.5305
"58",3105301,"Bandeira do Sul",15.97,12.47,-46.2309,-21.4341
"59",3105400,"Barão de Cocais",11.93,5.91,-43.2914,-19.5645
"60",3105509,"Barão do Monte Alto",24.68,20.15,-42.1415,-21.1442
"61",3105608,"Barbacena",10.66,6.66,-43.4625,-21.1333
"62",3105707,"Barra Longa",21.16,18.8,-43.0228,-20.1658
"63",3105905,"Barroso",10.89,7.93,-43.5833,-21.1113
"64",3106002,"Bela Vista de Minas",13.38,8.67,-43.0528,-19.4949
"65",3106101,"Belmiro Braga",18.93,15.43,-43.2454,-21.5655
"66",3106200,"Belo Horizonte",5.82,3.45,-43.5616,-19.5515
"67",3106309,"Belo Oriente",23.89,14.92,-42.2901,-19.1312
"68",3106408,"Belo Vale",14.34,10.45,-44.0128,-20.2428
"69",3106507,"Berilo",39.13,27.84,-42.2756,-16.5706
"70",3106655,"Berizal",43.86,32.74,-41.4442,-15.3648
"71",3106606,"Bertópolis",45.33,34.95,-40.3428,-17.0347
"72",3106705,"Betim",11.56,6.82,-44.1154,-19.5804
"73",3106804,"Bias Fortes",22.3,17.91,-43.4525,-21.3622
"74",3106903,"Bicas",10.41,7.84,-43.0334,-21.4331
"75",3107000,"Biquinhas",20.2,13.06,-45.3008,-18.4658
"76",3107109,"Boa Esperança",15.17,9.63,-45.3357,-21.0524
"77",3107208,"Bocaina de Minas",27.62,21.2,-44.2341,-22.1003
"78",3107307,"Bocaiúva",24.19,16.38,-43.4854,-17.0628
"79",3107406,"Bom Despacho",11.74,7.29,-45.1508,-19.4411
"80",3107505,"Bom Jardim de Minas",15.52,13.71,-44.1128,-21.565
"81",3107604,"Bom Jesus da Penha",16.24,13.47,-46.3121,-21.0101
"82",3107703,"Bom Jesus do Amparo",22.67,12.66,-43.2825,-19.4213
"83",3107802,"Bom Jesus do Galho",29.18,22.94,-42.1858,-19.4944
"84",3107901,"Bom Repouso",21.07,13.51,-46.0842,-22.2816
"85",3108008,"Bom Sucesso",21.08,15.12,-44.4529,-21.0159
"86",3108107,"Bonfim",17.53,14.48,-44.1419,-20.1936
"87",3108206,"Bonfinópolis de Minas",22.82,15.97,-45.5924,-16.3403
"88",3108255,"Bonito de Minas",50.97,37,-44.4516,-15.1924
"89",3108305,"Borda da Mata",12.8,9.95,-46.0955,-22.1627
"90",3108404,"Botelhos",16.68,11.21,-46.2342,-21.38
"91",3108503,"Botumirim",31.73,23.13,-43.0039,-16.522
"92",3108552,"Brasilândia de Minas",21.42,13.82,-46.0034,-17.0035
"93",3108602,"Brasília de Minas",31.96,20.05,-44.26,-16.1223
"94",3108701,"Brás Pires",18.52,16.64,-43.1432,-20.5514
"95",3108800,"Braúnas",29.96,22.74,-45.3627,-22.2825
"96",3108909,"Brazópolis",17.34,12.39,-42.4256,-19.0321
"97",3109006,"Brumadinho",12.7,7.95,-44.1159,-20.0836
"98",3109105,"Bueno Brandão",18.14,12.48,-46.2103,-22.2627
"99",3109204,"Buenópolis",28.95,19.8,-44.1048,-17.5224
"100",3109253,"Bugre",35.17,23.22,-42.144,-19.2534
"101",3109303,"Buritis",28.1,19.59,-46.2524,-15.3704
"102",3109402,"Buritizeiro",27.94,18.3,-44.5744,-17.2104
"103",3109451,"Cabeceira Grande",26.86,18.11,-47.0526,-16.0147
"104",3109501,"Cabo Verde",18.09,13.1,-46.2346,-21.2819
"105",3109600,"Cachoeira da Prata",7.18,4.71,-44.2713,-19.3129
"106",3109709,"Cachoeira de Minas",13.83,10.3,-45.4644,-22.2118
"107",3102704,"Cachoeira de Pajeú",44.77,34.59,-41.2953,-15.5758
"108",3109808,"Cachoeira Dourada",25.4,15.35,-49.3005,-18.3054
"109",3109907,"Caetanópolis",10.22,6.46,-44.2507,-19.1743
"110",3110004,"Caeté",10.9,6.23,-43.4011,-19.5248
"111",3110103,"Caiana",24.07,16.87,-41.553,-20.4144
"112",3110202,"Cajuri",21.35,14.65,-42.4748,-20.4726
"113",3110301,"Caldas",14.47,9.63,-46.231,-21.5525
"114",3110400,"Camacho",28.56,16.35,-45.0924,-20.3731
"115",3110509,"Camanducaia",19.11,13.41,-46.0841,-22.4519
"116",3110608,"Cambuí",14.46,8.9,-46.0327,-22.3644
"117",3110707,"Cambuquira",16.72,11.3,-45.1745,-21.5108
"118",3110806,"Campanário",29.69,22.98,-41.4454,-18.1419
"119",3110905,"Campanha",14.55,9.87,-45.2402,-21.501
"120",3111002,"Campestre",14.88,10.49,-46.1447,-21.424
"121",3111101,"Campina Verde",14.86,9.63,-49.2911,-19.3208
"122",3111150,"Campo Azul",34.83,27.58,-44.4838,-16.3013
"123",3111200,"Campo Belo",15.08,10.55,-45.1638,-20.535
"124",3111309,"Campo do Meio",18.46,12.55,-45.4949,-21.0624
"125",3111408,"Campo Florido",16.69,10.84,-48.342,-19.4538
"126",3111507,"Campos Altos",16.47,12.31,-46.1017,-19.4146
"127",3111606,"Campos Gerais",19.28,14.12,-45.4531,-21.1406
"128",3111705,"Canaã",26.37,18.07,-42.3711,-20.4109
"129",3111804,"Canápolis",18.95,18.09,-49.1216,-18.433
"130",3111903,"Cana Verde",20.89,14.94,-45.1055,-21.0115
"131",3112000,"Candeias",24.21,17,-45.1635,-20.4601
"132",3112059,"Cantagalo",29,20.51,-42.3737,-18.3133
"133",3112109,"Caparaó",27.75,18.36,-41.5416,-20.3123
"134",3112208,"Capela Nova",17.82,13.08,-43.3704,-20.5523
"135",3112307,"Capelinha",36.28,25.73,-42.3057,-17.4129
"136",3112406,"Capetinga",18.48,13.78,-47.0313,-20.3659
"137",3112505,"Capim Branco",13.59,7.96,-44.07,-19.3256
"138",3112604,"Capinópolis",21.09,15.42,-49.3411,-18.4055
"139",3112653,"Capitão Andrade",34.44,21.95,-41.5129,-19.0403
"140",3112703,"Capitão Enéas",35.52,24.36,-43.4238,-16.1928
"141",3112802,"Capitólio",13.41,8.63,-46.03,-20.3655
"142",3112901,"Caputira",21.59,16.37,-42.1614,-20.1019
"143",3113008,"Caraí",45.85,35.62,-41.4141,-17.112
"144",3113107,"Caranaíba",19.09,11.49,-43.4421,-20.5233
"145",3113206,"Carandaí",12.69,9.1,-43.4823,-20.5713
"146",3113305,"Carangola",16.28,12.24,-42.0146,-20.4359
"147",3113404,"Caratinga",17.84,11.88,-42.0821,-19.4723
"148",3113503,"Carbonita",35.23,24.76,-43.0057,-17.3137
"149",3113602,"Careaçu",18.57,15.96,-45.4157,-22.0235
"150",3113701,"Carlos Chagas",37.46,27.63,-40.4559,-17.4211
"151",3113800,"Carmésia",27.15,19.43,-43.083,-19.052
"152",3113909,"Carmo da Cachoeira",20.65,12.48,-45.1325,-21.2739
"153",3114006,"Carmo da Mata",15.38,10.17,-44.5214,-20.3328
"154",3114105,"Carmo de Minas",19.15,13.57,-45.0745,-22.072
"155",3114204,"Carmo do Cajuru",12.51,7.93,-44.4616,-20.1103
"156",3114303,"Carmo do Paranaíba",14.42,10.56,-46.1858,-19.0003
"157",3114402,"Carmo do Rio Claro",15.24,10.78,-46.0708,-20.5819
"158",3114501,"Carmópolis de Minas",15.29,6.54,-44.3806,-20.3229
"159",3114550,"Carneirinho",23.86,14.39,-50.4117,-19.4151
"160",3114600,"Carrancas",15.35,9.78,-44.3833,-21.2915
"161",3114709,"Carvalhópolis",12.63,9.81,-45.5028,-21.464
"162",3114808,"Carvalhos",22.66,18.47,-44.2741,-22.0004
"163",3114907,"Casa Grande",14.63,7.15,-43.5549,-20.4734
"164",3115003,"Cascalho Rico",9.7,7.83,-47.5238,-18.3435
"165",3115102,"Cássia",17.66,13.02,-46.5519,-20.3459
"166",3115300,"Cataguases",9.97,6.83,-42.4148,-21.2321
"167",3115359,"Catas Altas",18.34,7.61,-43.2427,-20.0429
"168",3115409,"Catas Altas da Noruega",22.48,17.54,-43.2951,-20.4124
"169",3115458,"Catuji",47.63,32.75,-41.3101,-17.1758
"170",3115474,"Catuti",49.93,36.77,-42.5746,-15.213
"171",3115508,"Caxambu",9.93,7.21,-44.5557,-21.5838
"172",3115607,"Cedro do Abaeté",22.33,16.97,-45.4241,-19.0854
"173",3115706,"Central de Minas",32.59,24.51,-41.1823,-18.4543
"174",3115805,"Centralina",20.98,14.62,-49.1158,-18.3502
"175",3115904,"Chácara",19.1,13.8,-43.1318,-21.402
"176",3116001,"Chalé",26.33,20.1,-41.4116,-20.0237
"177",3116100,"Chapada do Norte",48.21,35.13,-42.3207,-17.0513
"178",3116159,"Chapada Gaúcha",35.86,23.81,-45.3706,-15.182
"179",3116209,"Chiador",21.88,13.42,-43.0328,-22.0009
"180",3116308,"Cipotânea",26.61,16.22,-43.2156,-20.5419
"181",3116407,"Claraval",17.59,10,-47.16,-20.2356
"182",3116506,"Claro dos Poções",28.1,21.73,-44.1231,-17.0447
"183",3116605,"Cláudio",10.49,6.17,-44.4557,-20.2636
"184",3116704,"Coimbra",15.53,12.34,-42.481,-20.5124
"185",3116803,"Coluna",38.52,27.23,-42.5025,-18.1402
"186",3116902,"Comendador Gomes",13.51,10.23,-49.045,-19.4154
"187",3117009,"Comercinho",41.35,30.76,-41.4736,-16.1746
"188",3117108,"Conceição da Aparecida",14.66,10.94,-46.1216,-21.0539
"189",3115201,"Conceição da Barra de Minas",14.29,10.19,-44.282,-21.0744
"190",3117306,"Conceição das Alagoas",16.37,10.78,-48.2318,-19.5453
"191",3117207,"Conceição das Pedras",15.65,11.46,-45.2717,-22.0936
"192",3117405,"Conceição de Ipanema",29.74,17.98,-41.4138,-19.5541
"193",3117504,"Conceição do Mato Dentro",31.91,22.98,-43.253,-19.0214
"194",3117603,"Conceição do Pará",15.87,11.23,-44.5348,-19.4511
"195",3117702,"Conceição do Rio Verde",22.12,16.32,-45.0507,-21.5251
"196",3117801,"Conceição dos Ouros",15.4,8.58,-45.4753,-22.2447
"197",3117836,"Cônego Marinho",40.97,24.98,-44.2505,-15.1739
"198",3117876,"Confins",11.83,6.13,-43.5858,-19.3757
"199",3117900,"Congonhal",17.63,12.12,-46.0222,-22.091
"200",3118007,"Congonhas",8.95,5.65,-43.5128,-20.2959
"201",3118106,"Congonhas do Norte",37.83,33.54,-43.4053,-18.4826
"202",3118205,"Conquista",15.44,12.77,-47.323,-19.5614
"203",3118304,"Conselheiro Lafaiete",6.91,4.35,-43.471,-20.3937
"204",3118403,"Conselheiro Pena",26.68,20.33,-41.282,-19.102
"205",3118502,"Consolação",22.93,15.55,-45.5516,-22.3305
"206",3118601,"Contagem",7.32,4.36,-44.0313,-19.5554
"207",3118700,"Coqueiral",15.31,10.43,-45.2626,-21.1122
"208",3118809,"Coração de Jesus",30.94,23.37,-44.2154,-16.4107
"209",3118908,"Cordisburgo",17,13.51,-44.1915,-19.073
"210",3119005,"Cordislândia",19.82,17.3,-45.4203,-21.4733
"211",3119104,"Corinto",16.93,12.24,-44.2723,-18.2251
"212",3119203,"Coroaci",26.08,19.65,-42.1709,-18.3719
"213",3119302,"Coromandel",13.99,9.81,-47.1201,-18.2824
"214",3119401,"Coronel Fabriciano",11.57,7.59,-42.3744,-19.3107
"215",3119500,"Coronel Murta",32.6,25.54,-42.1056,-16.3708
"216",3119609,"Coronel Pacheco",19.65,14.03,-43.1556,-21.3516
"217",3119708,"Coronel Xavier Chaves",11.72,7.24,-44.1323,-21.0125
"218",3119807,"Córrego Danta",16.99,10.95,-45.5416,-19.4925
"219",3119906,"Córrego do Bom Jesus",17.38,14.44,-46.0112,-22.3749
"220",3119955,"Córrego Fundo",15.08,11.47,-45.3318,-20.2657
"221",3120003,"Córrego Novo",32.22,26.42,-42.2347,-19.4955
"222",3120102,"Couto de Magalhães de Minas",22.17,15.29,-43.2816,-18.0417
"223",3120151,"Crisólita",54.06,45.54,-40.5443,-17.1414
"224",3120201,"Cristais",18.22,12.01,-45.3107,-20.5232
"225",3120300,"Cristália",42.21,28.57,-42.5144,-16.4801
"226",3120409,"Cristiano Otoni",12.01,7.46,-43.482,-20.4956
"227",3120508,"Cristina",18.16,11.68,-45.1551,-22.1243
"228",3120607,"Crucilândia",23.02,16.74,-44.2013,-20.2302
"229",3120706,"Cruzeiro da Fortaleza",9.95,13.92,-46.4025,-18.5645
"230",3120805,"Cruzília",14.95,12.91,-44.483,-21.5019
"231",3120839,"Cuparaque",33.02,26.86,-41.0557,-18.581
"232",3120870,"Curral de Dentro",43.06,32.22,-41.504,-15.5615
"233",3120904,"Curvelo",14.59,9.79,-44.2551,-18.4523
"234",3121001,"Datas",17.73,13.9,-43.3921,-18.2644
"235",3121100,"Delfim Moreira",16.22,11.29,-45.1648,-22.3033
"236",3121209,"Delfinópolis",20.45,12.44,-46.5114,-20.2038
"237",3121258,"Delta",21.55,17.31,-47.4616,-19.5836
"238",3121308,"Descoberto",17.63,10.46,-42.5803,-21.2735
"239",3121407,"Desterro de Entre Rios",21.53,17.4,-44.1957,-20.3936
"240",3121506,"Desterro do Melo",28.99,21.55,-43.3104,-21.085
"241",3121605,"Diamantina",18.02,12.15,-43.3601,-18.1458
"242",3121704,"Diogo de Vasconcelos",31.85,21.63,-43.1154,-20.2916
"243",3121803,"Dionísio",20.39,14.3,-42.4636,-19.5034
"244",3121902,"Divinésia",19.93,11.32,-43.0014,-20.5925
"245",3122009,"Divino",25.7,17.4,-42.0855,-20.3652
"246",3122108,"Divino das Laranjeiras",32.05,23.08,-41.2847,-18.464
"247",3122207,"Divinolândia de Minas",23.44,18.61,-42.3652,-18.4804
"248",3122306,"Divinópolis",7.41,4.63,-44.5302,-20.082
"249",3122355,"Divisa Alegre",40.99,29.66,-41.2042,-15.4332
"250",3122405,"Divisa Nova",20.99,17.48,-46.1145,-21.304
"251",3122454,"Divisópolis",48.6,33.81,-41,-15.4332
"252",3122470,"Dom Bosco",19.67,19.83,-46.1615,-16.3907
"253",3122504,"Dom Cavati",20.43,15.49,-42.0623,-19.2226
"254",3122603,"Dom Joaquim",33.05,20.7,-43.1521,-18.5802
"255",3122702,"Dom Silvério",13.76,11.81,-42.5804,-20.0936
"256",3122801,"Dom Viçoso",19.87,12.19,-45.094,-22.1516
"257",3122900,"Dona Euzébia",14.93,10.78,-42.4838,-21.1859
"258",3123007,"Dores de Campos",11.17,8.59,-44.0123,-21.0632
"259",3123106,"Dores de Guanhães",34.12,24.04,-42.5545,-19.033
"260",3123205,"Dores do Indaiá",16.8,13.14,-45.3606,-19.2748
"261",3123304,"Dores do Turvo",25.75,18.4,-43.1121,-20.5832
"262",3123403,"Doresópolis",13.36,7.66,-45.5412,-20.1713
"263",3123502,"Douradoquara",15.65,9.1,-47.3631,-18.2553
"264",3123528,"Durandé",28.5,23.17,-41.4752,-20.1212
"265",3123601,"Elói Mendes",18.25,14.05,-45.3355,-21.3636
"266",3123700,"Engenheiro Caldas",31.63,23.26,-42.0246,-19.131
"267",3123809,"Engenheiro Navarro",36.72,22.55,-43.57,-17.1647
"268",3123858,"Entre Folhas",21.27,17.85,-42.135,-19.3731
"269",3123908,"Entre Rios de Minas",14.9,9.88,-44.0356,-20.4015
"270",3124005,"Ervália",27.1,19.16,-42.3926,-20.5024
"271",3124104,"Esmeraldas",15.32,11.02,-44.185,-19.4545
"272",3124203,"Espera Feliz",24.12,17.43,-41.5426,-20.3901
"273",3124302,"Espinosa",40.58,30.81,-42.4909,-14.5534
"274",3124401,"Espírito Santo do Dourado",19.91,13.51,-45.5703,-22.0247
"275",3124500,"Estiva",19.79,11.37,-46.0102,-22.2746
"276",3124609,"Estrela D' Alva",22.23,20.12,-42.274,-21.4431
"277",3124708,"Estrela do Indaiá",18.89,15.99,-45.4715,-19.312
"278",3124807,"Estrela do Sul",18.28,13.94,-47.4134,-18.4444
"279",3124906,"Eugenópolis",20.96,14.69,-42.1112,-21.0555
"280",3125002,"Ewbank da Câmara",15.81,13.11,-43.3036,-21.3304
"281",3125101,"Extrema",13.11,7.8,-46.1906,-22.5117
"282",3125200,"Fama",14.39,12,-45.4943,-21.2423
"283",3125309,"Faria Lemos",21.88,17.72,-42.0147,-20.483
"284",3125408,"Felício dos Santos",31.71,22.28,-43.1449,-18.0438
"285",3125606,"Felisburgo",45.87,35.17,-40.4541,-16.3819
"286",3125705,"Felixlândia",19.76,12.91,-44.5356,-18.4529
"287",3125804,"Fernandes Tourinho",32.68,27.25,-42.0455,-19.0913
"288",3125903,"Ferros",31.64,26.06,-43.0124,-19.1355
"289",3125952,"Fervedouro",26.92,18.67,-42.1644,-20.4332
"290",3126000,"Florestal",11.33,8.28,-44.2557,-19.5322
"291",3126109,"Formiga",11.64,7.47,-45.2535,-20.2752
"292",3126208,"Formoso",37.39,26.3,-46.1355,-14.5648
"293",3126307,"Fortaleza de Minas",18.27,11.28,-46.4305,-20.5057
"294",3126406,"Fortuna de Minas",15.75,10.66,-44.2649,-19.334
"295",3126505,"Francisco Badaró",44.71,30.09,-42.2107,-16.5933
"296",3126604,"Francisco Dumont",31.42,23.96,-44.1403,-17.1854
"297",3126752,"Franciscópolis",47.4,39.42,-42.0031,-17.5735
"298",3126703,"Francisco Sá",36.43,26.75,-43.2918,-16.2833
"299",3126802,"Frei Gaspar",44.38,36.37,-41.2546,-18.0358
"300",3126901,"Frei Inocêncio",29.45,22.49,-41.5432,-18.3428
"301",3126950,"Frei Lagonegro",40.23,29.22,-42.4558,-18.1004
"302",3127008,"Fronteira",13.62,12.89,-49.1158,-20.1604
"303",3127057,"Fronteira dos Vales",54.95,38.85,-40.5529,-16.5329
"304",3127073,"Fruta de Leite",60.69,45.49,-42.3159,-16.0752
"305",3127107,"Frutal",11.32,7.88,-48.5626,-20.0129
"306",3127206,"Funilândia",19.86,16.06,-44.0322,-19.2203
"307",3127305,"Galiléia",29.11,23.54,-41.3215,-18.5958
"308",3127339,"Gameleiras",47.65,33.81,-43.0725,-15.0456
"309",3127354,"Glaucilândia",23.26,16.51,-43.415,-16.5059
"310",3127370,"Goiabeira",34.42,27.9,-41.1321,-18.5856
"311",3127388,"Goianá",15.11,12.72,-43.1206,-21.3214
"312",3127404,"Gonçalves",19.68,16.01,-45.5121,-22.3932
"313",3127503,"Gonzaga",34.45,25.92,-42.2845,-18.492
"314",3127602,"Gouveia",17.19,10.81,-43.4427,-18.2716
"315",3127701,"Governador Valadares",13.8,9.48,-41.5658,-18.5104
"316",3127800,"Grão Mogol",39.44,25.93,-42.5323,-16.3334
"317",3127909,"Grupiara",13.38,9.58,-47.432,-18.2939
"318",3128006,"Guanhães",21.79,15.36,-42.5557,-18.463
"319",3128105,"Guapé",15.25,10.53,-45.5503,-20.4542
"320",3128204,"Guaraciaba",29.58,22.27,-43.0027,-20.3415
"321",3128253,"Guaraciama",31.33,22.7,-43.4023,-17.005
"322",3128303,"Guaranésia",17.68,14.01,-46.4809,-21.1757
"323",3128402,"Guarani",17.6,14.23,-43.0249,-21.2108
"324",3128501,"Guarará",15.85,10.62,-43.0215,-21.4355
"325",3128600,"Guarda-Mor",17.1,13.23,-47.0554,-17.4615
"326",3128709,"Guaxupé",12.64,7.42,-46.4246,-21.1819
"327",3128808,"Guidoval",19.86,13.48,-42.4748,-21.0907
"328",3128907,"Guimarânia",12.63,11.17,-46.4735,-18.5038
"329",3129004,"Guiricema",21.14,15.47,-42.4304,-21.0028
"330",3129103,"Gurinhatã",17.07,17.3,-49.4711,-19.1248
"331",3129202,"Heliodora",23.92,15.89,-45.3232,-22.0402
"332",3129301,"Iapu",27.26,20.5,-42.1304,-19.2612
"333",3129400,"Ibertioga",23.23,17.4,-43.5747,-21.2548
"334",3129509,"Ibiá",12.43,7.83,-46.322,-19.2842
"335",3129608,"Ibiaí",31.58,23.56,-44.5452,-16.514
"336",3129657,"Ibiracatu",47.67,34.33,-44.095,-15.3949
"337",3129707,"Ibiraci",19.45,11.94,-47.072,-20.2744
"338",3129806,"Ibirité",12.52,7.6,-44.0332,-20.0119
"339",3129905,"Ibitiúra de Minas",17.43,13.82,-46.2624,-22.0339
"340",3130002,"Ibituruna",17.88,13.14,-44.4452,-21.0909
"341",3130051,"Icaraí de Minas",39.31,21.71,-44.5423,-16.1302
"342",3130101,"Igarapé",15.51,9.22,-44.1806,-20.0413
"343",3130200,"Igaratinga",14.02,9.09,-44.4233,-19.5719
"344",3130309,"Iguatama",11.86,6.9,-45.4241,-20.1028
"345",3130408,"Ijaci",15.97,8.66,-44.5531,-21.1012
"346",3130507,"Ilicínea",19.13,11.81,-45.4958,-20.5609
"347",3130556,"Imbé de Minas",29.53,22.09,-41.5814,-19.355
"348",3130606,"Inconfidentes",16.22,10.39,-46.194,-22.1901
"349",3130655,"Indaiabira",52.7,42.51,-42.115,-15.293
"350",3130705,"Indianópolis",16.25,13.86,-47.5501,-19.0219
"351",3130804,"Ingaí",14.91,9.77,-44.5502,-21.2404
"352",3130903,"Inhapim",26.94,18.76,-42.0712,-19.3257
"353",3131000,"Inhaúma",15.54,10.81,-44.2323,-19.2928
"354",3131109,"Inimutaba",21.38,15.66,-44.2138,-18.4345
"355",3131158,"Ipaba",24.68,15.31,-42.251,-19.2449
"356",3131208,"Ipanema",24.22,17.32,-41.4247,-19.4803
"357",3131307,"Ipatinga",9.65,6.29,-42.3212,-19.2806
"358",3131406,"Ipiaçu",22.41,19.52,-49.5634,-18.4132
"359",3131505,"Ipuiúna",17.31,14.58,-46.1123,-22.0556
"360",3131604,"Iraí de Minas",15.37,10.54,-47.2741,-18.5902
"361",3131703,"Itabira",12.58,7.82,-43.1337,-19.3709
"362",3131802,"Itabirinha",34.11,25.41,-41.1359,-18.3359
"363",3131901,"Itabirito",7.61,4.92,-43.4805,-20.1512
"364",3132008,"Itacambira",31.42,21.69,-43.1832,-17.0353
"365",3132107,"Itacarambi",35.23,24.04,-44.0531,-15.0608
"366",3132206,"Itaguara",14.34,9.86,-44.2915,-20.2332
"367",3132305,"Itaipé",48.69,33.72,-41.4007,-17.2407
"368",3132404,"Itajubá",7.28,4.84,-45.271,-22.2532
"369",3132503,"Itamarandiba",38.02,25.44,-42.5132,-17.5126
"370",3132602,"Itamarati de Minas",15.76,9.21,-42.4904,-21.2457
"371",3132701,"Itambacuri",37.16,27.38,-41.4106,-18.0152
"372",3132800,"Itambé do Mato Dentro",31.1,23.02,-43.1916,-19.2452
"373",3132909,"Itamogi",15.61,13.23,-47.0254,-21.0441
"374",3133006,"Itamonte",12.59,7.42,-44.5212,-22.1702
"375",3133105,"Itanhandu",9.24,5.62,-44.5605,-22.1745
"376",3133204,"Itanhomi",30.98,22.05,-41.5155,-19.1019
"377",3133303,"Itaobim",36.04,26.69,-41.3012,-16.3342
"378",3133402,"Itapagipe",12.49,7.87,-49.2253,-19.5431
"379",3133501,"Itapecerica",17.99,13.44,-45.0732,-20.2821
"380",3133600,"Itapeva",19.64,12.89,-46.1315,-22.4605
"381",3133709,"Itatiaiuçu",18.97,12.14,-44.2516,-20.1148
"382",3133758,"Itaú de Minas",8.93,6.2,-46.4508,-20.4422
"383",3133808,"Itaúna",9.06,5.19,-44.3435,-20.0431
"384",3133907,"Itaverava",22.45,19.93,-43.3636,-20.4041
"385",3134004,"Itinga",40.82,28.73,-41.4555,-16.3647
"386",3134103,"Itueta",25.88,18.65,-41.1013,-19.2339
"387",3134202,"Ituiutaba",14.03,10.34,-49.2754,-18.5808
"388",3134301,"Itumirim",15.16,7.24,-44.5216,-21.1901
"389",3134400,"Iturama",15.92,10.94,-50.1144,-19.4341
"390",3134509,"Itutinga",13.94,7.83,-44.3928,-21.1753
"391",3134608,"Jaboticatubas",21.36,13.28,-43.4442,-19.3049
"392",3134707,"Jacinto",42.21,34.13,-40.1736,-16.084
"393",3134806,"Jacuí",18.55,13.03,-46.4428,-21.01
"394",3134905,"Jacutinga",14.98,8.76,-46.3644,-22.1708
"395",3135001,"Jaguaraçu",18.74,12.84,-42.4459,-19.3857
"396",3135050,"Jaíba",35.98,25.12,-43.4028,-15.2018
"397",3135076,"Jampruca",39.65,29.31,-41.4814,-18.2746
"398",3135100,"Janaúba",26.99,18.75,-43.1832,-15.4809
"399",3135209,"Januária",30.07,22.86,-44.2143,-15.2917
"400",3135308,"Japaraíba",12.95,9.07,-45.3012,-20.0829
"401",3135357,"Japonvar",46.62,29.84,-44.1612,-15.5941
"402",3135407,"Jeceaba",14.39,9.68,-43.59,-20.3207
"403",3135456,"Jenipapo de Minas",49.73,32.7,-42.153,-17.0458
"404",3135506,"Jequeri",30.9,19.97,-42.3957,-20.2721
"405",3135605,"Jequitaí",31.1,25.77,-44.2644,-17.1408
"406",3135704,"Jequitibá",20.98,11.59,-44.014,-19.1408
"407",3135803,"Jequitinhonha",43.16,31.79,-41.0012,-16.2602
"408",3135902,"Jesuânia",20.6,13.24,-45.1728,-21.5952
"409",3136009,"Joaíma",46.65,36.88,-41.015,-16.3915
"410",3136108,"Joanésia",27.85,23.62,-42.4043,-19.102
"411",3136207,"João Monlevade",7.44,5.02,-43.1025,-19.4836
"412",3136306,"João Pinheiro",20.4,13.86,-46.1021,-17.4433
"413",3136405,"Joaquim Felício",29.55,19.98,-44.102,-17.4527
"414",3136504,"Jordânia",39.68,31.46,-40.1041,-15.5401
"415",3136520,"José Gonçalves de Minas",44.01,27.5,-42.3613,-16.5425
"416",3136579,"Josenópolis",55.35,39.8,-42.3055,-16.325
"417",3136553,"José Raydan",40.84,28.81,-42.2955,-18.131
"418",3136652,"Juatuba",15.37,11,-44.2034,-19.5707
"419",3136702,"Juiz de Fora",5.8,3.92,-43.2101,-21.4551
"420",3136801,"Juramento",27.96,20.72,-43.3513,-16.5053
"421",3136900,"Juruaia",16.59,8.36,-46.3437,-21.151
"422",3136959,"Juvenília",40.18,30.89,-44.0937,-14.1545
"423",3137007,"Ladainha",50.83,38.9,-41.4415,-17.3756
"424",3137106,"Lagamar",16.05,13.26,-46.4827,-18.1042
"425",3137205,"Lagoa da Prata",11.84,8.06,-45.3237,-20.0121
"426",3137304,"Lagoa dos Patos",30.3,20.92,-44.3456,-16.59
"427",3137403,"Lagoa Dourada",10.46,7.35,-44.0442,-20.5452
"428",3137502,"Lagoa Formosa",16.99,13.44,-46.2427,-18.4643
"429",3137536,"Lagoa Grande",19.59,14.37,-46.3052,-17.5007
"430",3137601,"Lagoa Santa",9.85,5.75,-43.5323,-19.3738
"431",3137700,"Lajinha",27.19,21.58,-41.3722,-20.0905
"432",3137809,"Lambari",11.75,9.06,-45.2101,-21.5832
"433",3137908,"Lamim",20.15,15.93,-43.2827,-20.4725
"434",3138005,"Laranjal",17.66,12.77,-42.2837,-21.2228
"435",3138104,"Lassance",26.33,18.63,-44.3439,-17.5312
"436",3138203,"Lavras",7.55,5.11,-44.5959,-21.1443
"437",3138302,"Leandro ferreira",19.46,14.78,-45.013,-19.4305
"438",3138351,"Leme do Prado",31.49,24.03,-42.4133,-17.05
"439",3138401,"Leopoldina",13.04,8.55,-42.3835,-21.3155
"440",3138500,"Liberdade",25.42,17.86,-44.1911,-22.0144
"441",3138609,"Lima Duarte",17.77,13.22,-43.4735,-21.5033
"442",3138625,"Limeira do Oeste",23.12,16.24,-50.345,-19.3304
"443",3138658,"Lontra",43.38,29.17,-44.1818,-15.5412
"444",3138674,"Luisburgo",26.16,19.4,-42.061,-20.2623
"445",3138682,"Luislândia",41.85,26.07,-44.3519,-16.0703
"446",3138708,"Luminárias",13.41,11.4,-44.5412,-21.304
"447",3138807,"Luz",12.87,10.02,-45.4108,-19.4805
"448",3139003,"Machado",13.98,10.15,-45.5511,-21.4029
"449",3139102,"Madre de Deus de Minas",14.29,8.19,-44.1949,-21.2857
"450",3139201,"Malacacheta",41.72,32.76,-42.0436,-17.5032
"451",3139250,"Mamonas",46.58,35.43,-42.5658,-15.0301
"452",3139300,"Manga",38.85,30.79,-43.5556,-14.4521
"453",3139409,"Manhuaçu",16.98,10.82,-42.0201,-20.1529
"454",3139508,"Manhumirim",20.41,15.77,-41.5729,-20.2128
"455",3139607,"Mantena",27.31,19.06,-40.5849,-18.4654
"456",3139706,"Maravilhas",14.64,9.89,-44.4035,-19.3058
"457",3139805,"Mar de Espanha",15.2,9.84,-43.0035,-21.5202
"458",3139904,"Maria da Fé",16.16,9.85,-45.2231,-22.1829
"459",3140001,"Mariana",13.28,8.32,-43.2458,-20.224
"460",3140100,"Marilac",39.78,25.51,-42.0502,-18.3029
"461",3140159,"Mário Campos",16.19,10.52,-44.1118,-20.0323
"462",3140209,"Maripá de Minas",14.4,12.58,-42.5732,-21.4153
"463",3140308,"Marliéria",19.1,13.81,-42.4356,-19.4244
"464",3140407,"Marmelópolis",20.47,12.65,-45.0955,-22.2657
"465",3140506,"Martinho Campos",15.74,10.97,-45.1413,-19.1954
"466",3140530,"Martins Soares",26.09,19.97,-41.5237,-20.1525
"467",3140555,"Mata Verde",49.69,39.48,-40.4428,-15.4111
"468",3140605,"Materlândia",37.51,29.33,-43.0335,-18.2827
"469",3140704,"Mateus Leme",15.24,9.83,-44.254,-19.5911
"470",3171501,"Mathias Lobato",36.26,27.32,-41.5452,-18.3353
"471",3140803,"Matias Barbosa",11.22,8.01,-43.191,-21.5209
"472",3140852,"Matias Cardoso",43.91,31.12,-43.5519,-14.5117
"473",3140902,"Matipó",25.45,19.38,-42.2028,-20.1702
"474",3141009,"Mato Verde",35,27.43,-42.5159,-15.235
"475",3141108,"Matozinhos",11.18,7.22,-44.0453,-19.3328
"476",3141207,"Matutina",18.2,14,-45.5807,-19.1321
"477",3138906,"Maxacalis",37.77,29.54,-40.4259,-17.0438
"478",3141306,"Medeiros",13.39,7.41,-46.1334,-19.5944
"479",3141405,"Medina",39.33,28.77,-41.2837,-16.1321
"480",3141504,"Mendes Pimentel",40.32,29.62,-41.2417,-18.394
"481",3141603,"Mercês",24.86,17.31,-43.2029,-21.1139
"482",3141702,"Mesquita",30.24,23.67,-42.3626,-19.1321
"483",3141801,"Minas Novas",48.88,33.39,-42.3525,-17.1307
"484",3141900,"Minduri",17.56,9.98,-44.3614,-21.4055
"485",3142007,"Mirabela",33.95,22.35,-44.0952,-16.1546
"486",3142106,"Miradouro",27.25,17,-42.2033,-20.5326
"487",3142205,"Miraí",18.63,13.93,-42.3651,-21.1143
"488",3142254,"Miravânia",42.78,33.67,-44.2413,-14.4428
"489",3142304,"Moeda",14.11,9.67,-44.031,-20.1959
"490",3142403,"Moema",12.94,8,-45.2439,-19.5036
"491",3142502,"Monjolos",29.49,19.65,-44.0709,-18.1931
"492",3142601,"Monsenhor Paulo",17.82,13.81,-45.3228,-21.4527
"493",3142700,"Montalvânia",41.12,28.34,-44.2156,-14.2522
"494",3142809,"Monte Alegre de Minas",15.5,13.85,-48.5251,-18.5214
"495",3142908,"Monte Azul",37.51,28.5,-42.5229,-15.0918
"496",3143005,"Monte Belo",20.26,13.16,-46.2203,-21.1935
"497",3143104,"Monte Carmelo",12.99,9.38,-47.2955,-18.4329
"498",3143153,"Monte Formoso",50.06,37.73,-41.1519,-16.5157
"499",3143203,"Monte Santo de Minas",18.48,15.52,-46.5849,-21.1123
"500",3143302,"Montes Claros",13.58,8.05,-43.5142,-16.4406
"501",3143401,"Monte Sião",13.85,8.86,-46.3421,-22.2557
"502",3143450,"Montezuma",43.01,30.46,-42.295,-15.1019
"503",3143500,"Morada Nova de Minas",16.91,11.36,-45.2124,-18.3616
"504",3143609,"Morro da Garça",22.14,13.28,-44.3609,-18.3249
"505",3143708,"Morro do Pilar",35.35,29.31,-43.2235,-19.1256
"506",3143807,"Munhoz",19.65,12.87,-46.2138,-22.3647
"507",3143906,"Muriaé",14.68,9.39,-42.2159,-21.075
"508",3144003,"Mutum",29.77,22.55,-41.2618,-19.48
"509",3144102,"Muzambinho",11.27,7.53,-46.3132,-21.2233
"510",3144201,"Nacip Raydan",36.6,27.76,-42.1455,-18.2733
"511",3144300,"Nanuque",25.37,19.43,-40.2114,-17.5021
"512",3144359,"Naque",23.95,20.47,-42.1942,-19.1349
"513",3144375,"Natalândia",24.56,18.92,-46.2936,-16.3015
"514",3144409,"Natércia",15.87,11.27,-45.3042,-22.0712
"515",3144508,"Nazareno",14.78,10.88,-44.3641,-21.1259
"516",3144607,"Nepomuceno",18.91,13.84,-45.1409,-21.1409
"517",3144656,"Ninheira",60.84,45.44,-41.4513,-15.1916
"518",3144672,"Nova Belém",36.62,30.25,-41.01,-18.283
"519",3144706,"Nova Era",12.72,8.69,-43.0215,-19.45
"520",3144805,"Nova Lima",6.74,3.49,-43.5048,-19.5908
"521",3144904,"Nova Módica",41.54,30.3,-41.3005,-18.2614
"522",3145000,"Nova Ponte",14.65,11.21,-47.4029,-19.0909
"523",3145059,"Nova Porteirinha",30.17,24.61,-43.1802,-15.4809
"524",3145109,"Nova Resende",18.16,10.12,-46.2513,-21.0734
"525",3145208,"Nova Serrana",10.7,6.6,-44.5901,-19.5234
"526",3136603,"Nova União",23.26,15.33,-43.3447,-19.4124
"527",3145307,"Novo Cruzeiro",51.68,37.28,-41.5231,-17.2805
"528",3145356,"Novo Oriente de Minas",56.01,41.01,-41.1255,-17.2455
"529",3145372,"Novorizonte",37.43,28.44,-42.2428,-16.0102
"530",3145406,"Olaria",21.05,20.67,-43.5614,-21.5139
"531",3145455,"Olhos D' Água",39.54,24.29,-43.3424,-17.2349
"532",3145505,"Olímpio Noronha",18.97,17.48,-45.155,-22.0404
"533",3145604,"Oliveira",11.72,7.39,-44.4938,-20.4147
"534",3145703,"Oliveira Fortes",24.44,19.8,-43.2723,-21.202
"535",3145802,"Onça do Pitangui",20.67,13.85,-44.4826,-19.4349
"536",3145851,"Oratórios",27.85,20.02,-42.482,-20.255
"537",3145877,"Orizânia",27.64,20.37,-42.1236,-20.3023
"538",3145901,"Ouro Branco",10.64,6.05,-43.4131,-20.3115
"539",3146008,"Ouro Fino",14.3,10.39,-46.2208,-22.1659
"540",3146107,"Ouro Preto",10.14,6.17,-43.3029,-20.1715
"541",3146206,"Ouro Verde de Minas",43.74,35.74,-41.1611,-18.0414
"542",3146255,"Padre Carvalho",50.4,37.06,-42.3055,-16.2152
"543",3146305,"Padre Paraíso",40.23,29.48,-41.2904,-17.0427
"544",3146404,"Paineiras",17.41,13.05,-45.3154,-18.543
"545",3146503,"Pains",13.66,9.22,-45.3941,-20.2214
"546",3146552,"Pai Pedro",53.45,42.04,-43.0355,-15.31
"547",3146602,"Paiva",20.87,15.28,-43.2457,-21.1721
"548",3146701,"Palma",18.7,13.21,-42.1851,-21.223
"549",3146750,"Palmópolis",44.17,37.99,-40.2512,-16.4406
"550",3146909,"Papagaios",17.97,11.88,-44.4452,-19.2657
"551",3147006,"Paracatu",16.14,9.9,-46.5229,-17.132
"552",3147105,"Pará de Minas",8.78,4.81,-44.363,-19.5137
"553",3147204,"Paraguaçu",11.96,9.1,-45.4415,-21.325
"554",3147303,"Paraisópolis",14.53,10.11,-45.4648,-22.3315
"555",3147402,"Paraopeba",12.05,7.74,-44.2415,-19.1628
"556",3147501,"Passabém",27.37,22.07,-43.0811,-19.2112
"557",3147600,"Passa Quatro",10.38,6.93,-44.58,-22.2325
"558",3147709,"Passa Tempo",14.35,9.35,-44.2944,-20.3902
"559",3147808,"Passa Vinte",22.3,16.41,-44.1404,-22.1234
"560",3147907,"Passos",11.51,6.81,-46.3635,-20.4308
"561",3147956,"Patis",47.42,31.24,-44.0455,-16.0435
"562",3148004,"Patos de Minas",10.01,6.66,-46.3105,-18.3444
"563",3148103,"Patrocínio",11.62,8.1,-46.5933,-18.5638
"564",3148202,"Patrocínio do Muriaé",17.11,11.81,-42.1253,-21.0909
"565",3148301,"Paula Cândido",20.58,12.6,-42.5849,-20.5227
"566",3148400,"Paulistas",33.04,25.91,-42.5206,-18.2539
"567",3148509,"Pavão",44.77,29.93,-40.5956,-17.254
"568",3148608,"Peçanha",35.73,25.38,-42.3325,-18.3255
"569",3148707,"Pedra Azul",37,26.35,-41.175,-16.0019
"570",3148756,"Pedra Bonita",29.06,18.65,-42.1948,-20.3114
"571",3148806,"Pedra do Anta",27.11,23.97,-42.4249,-20.355
"572",3148905,"Pedra do Indaiá",20.96,13.27,-45.1232,-20.153
"573",3149002,"Pedra Dourada",22.54,16.69,-42.0915,-20.4949
"574",3149101,"Pedralva",17.26,10.98,-45.2757,-22.1434
"575",3149150,"Pedras de Maria da Cruz",42.87,30.85,-44.2329,-15.3624
"576",3149200,"Pedrinópolis",13.61,12.53,-47.2744,-19.134
"577",3149309,"Pedro Leopoldo",9.15,6.5,-44.0235,-19.3705
"578",3149408,"Pedro Teixeira",22.68,13.83,-43.4444,-21.4223
"579",3149507,"Pequeri",11.71,10.16,-43.0714,-21.5003
"580",3149606,"Pequi",13.84,10.32,-44.3932,-19.3758
"581",3149705,"Perdigão",12.21,8.78,-45.0503,-19.571
"582",3149804,"Perdizes",15.7,10.09,-47.1734,-19.211
"583",3149903,"Perdões",13.64,9.1,-45.0529,-21.0527
"584",3149952,"Periquito",34.66,22.57,-42.1401,-19.0927
"585",3150000,"Pescador",36.41,25.7,-41.3553,-18.2125
"586",3150109,"Piau",17.21,16.15,-43.1922,-21.3034
"587",3150158,"Piedade de Caratinga",31.02,22.44,-42.0433,-19.4534
"588",3150208,"Piedade de Ponte Nova",27.04,20.49,-42.4403,-20.1443
"589",3150307,"Piedade do Rio Grande",24.9,16.57,-44.1146,-21.2807
"590",3150406,"Piedade dos Gerais",24.82,17.51,-44.1338,-20.2816
"591",3150505,"Pimenta",14.97,10.55,-45.4756,-20.2902
"592",3150539,"Pingo D' Água",28.92,21.76,-42.2429,-19.4339
"593",3150570,"Pintópolis",36.75,23.9,-45.092,-16.0332
"594",3150604,"Piracema",20.84,14.25,-44.2857,-20.3028
"595",3150703,"Pirajuba",14.93,10.87,-48.4202,-19.5425
"596",3150802,"Piranga",26.37,14.95,-43.1801,-20.4105
"597",3150901,"Piranguçu",17.47,13.25,-45.2943,-22.314
"598",3151008,"Piranguinho",13.47,9.55,-45.3154,-22.2404
"599",3151107,"Pirapetinga",15.59,10.57,-42.2044,-21.3923
"600",3151206,"Pirapora",13.45,8.99,-44.5631,-17.2042
"601",3151305,"Piraúba",15.56,11.68,-43.0135,-21.1635
"602",3151404,"Pitangui",13.15,7.69,-44.5325,-19.4058
"603",3151503,"Piumhi",12.12,8.58,-45.5729,-20.2755
"604",3151602,"Planura",14,10.47,-48.4207,-20.0816
"605",3151701,"Poço Fundo",12.97,8.44,-45.5754,-21.4651
"606",3151800,"Poços de Caldas",7.18,4.48,-46.3341,-21.4716
"607",3151909,"Pocrane",31.49,22.76,-41.3813,-19.3711
"608",3152006,"Pompéu",18.09,12.31,-44.5607,-19.1328
"609",3152105,"Ponte Nova",12.66,8.58,-42.5431,-20.2459
"610",3152131,"Ponto Chique",31.92,21.01,-45.0356,-16.375
"611",3152170,"Ponto dos Volantes",49.84,35.93,-41.3015,-16.451
"612",3152204,"Porteirinha",37.15,27.4,-43.0142,-15.4436
"613",3152303,"Porto Firme",27.2,16.64,-43.0504,-20.4024
"614",3152402,"Poté",42.32,32.25,-41.4711,-17.4824
"615",3152501,"Pouso Alegre",7.91,4.91,-45.5611,-22.1348
"616",3152600,"Pouso Alto",13.87,10.31,-44.5821,-22.1137
"617",3152709,"Prados",12.38,8.18,-44.0447,-21.0327
"618",3152808,"Prata",16.02,11.8,-48.5527,-19.1826
"619",3152907,"Pratápolis",13.92,10.54,-46.5139,-20.4441
"620",3153004,"Pratinha",18.74,13.42,-46.2241,-19.4504
"621",3153103,"Presidente Bernardes",22.53,16.65,-43.1115,-20.4607
"622",3153202,"Presidente Juscelino",30.39,24.82,-44.033,-18.3814
"623",3153301,"Presidente Kubitschek",26.88,17.58,-43.3344,-18.3652
"624",3153400,"Presidente Olegário",19.44,13.36,-46.2505,-18.2504
"625",3153608,"Prudente de Morais",10.56,8.5,-44.0918,-19.2855
"626",3153707,"Quartel Geral",24.55,14.77,-45.3326,-19.1625
"627",3153806,"Queluzito",16.57,8.08,-43.5304,-20.4424
"628",3153905,"Raposos",11.32,6.23,-43.4815,-19.5802
"629",3154002,"Raul Soares",22.14,16.76,-42.2709,-20.0607
"630",3154101,"Recreio",19.18,13.32,-42.2809,-21.313
"631",3154150,"Reduto",21.19,17,-41.5857,-20.1308
"632",3154200,"Resende Costa",11.32,7.19,-44.1415,-20.552
"633",3154309,"Resplendor",25.17,18.06,-41.1519,-19.1932
"634",3154408,"Ressaquinha",18.07,13.39,-43.4546,-21.0345
"635",3154457,"Riachinho",30.16,18.07,-45.593,-16.1348
"636",3154507,"Riacho dos Machados",41.59,30.47,-43.0258,-16.0022
"637",3154606,"Ribeirão das Neves",12.81,8.01,-44.0512,-19.4601
"638",3154705,"Ribeirão Vermelho",9.75,6.11,-45.0343,-21.1126
"639",3154804,"Rio Acima",13.81,8.95,-43.4722,-20.0515
"640",3154903,"Rio Casca",20.75,13.85,-42.3903,-20.1334
"641",3155009,"Rio Doce",23.57,17.99,-42.5345,-20.1441
"642",3155108,"Rio do Prado",47.46,31.41,-40.3411,-16.363
"643",3155207,"Rio Espera",20.77,16.27,-43.2828,-20.5119
"644",3155306,"Rio Manso",21.26,13.97,-44.1828,-20.1555
"645",3155405,"Rio Novo",16.32,12.1,-43.0731,-21.2727
"646",3155504,"Rio Paranaíba",13.41,10.95,-46.145,-19.1137
"647",3155603,"Rio Pardo de Minas",46.89,31.6,-42.3223,-15.3635
"648",3155702,"Rio Piracicaba",14.76,10.48,-43.1027,-19.5545
"649",3155801,"Rio Pomba",16.85,11.28,-43.1045,-21.1629
"650",3155900,"Rio Preto",18.46,14.67,-43.494,-22.0521
"651",3156007,"Rio Vermelho",41.9,35.21,-43.0033,-18.1737
"652",3156106,"Ritápolis",15.87,11.42,-44.1905,-21.0119
"653",3156205,"Rochedo de Minas",14,11.47,-43.0111,-21.3747
"654",3156304,"Rodeiro",17.5,10.54,-42.5154,-21.12
"655",3156403,"Romaria",13.25,10.13,-47.3508,-18.5257
"656",3156452,"Rosário da Limeira",25.26,17.56,-42.3043,-20.5844
"657",3156502,"Rubelita",39.03,30.63,-42.1545,-16.2427
"658",3156601,"Rubim",41.09,33.24,-40.3215,-16.2229
"659",3156700,"Sabará",10.38,6.21,-43.4824,-19.5311
"660",3156809,"Sabinópolis",31.86,22.77,-43.0502,-18.3958
"661",3156908,"Sacramento",12.69,7.85,-47.2624,-19.5155
"662",3157005,"Salinas",31.99,22.17,-42.1725,-16.1013
"663",3157104,"Salto da Divisa",44.42,33.09,-39.5649,-16.001
"664",3157203,"Santa Bárbara",12.35,7.29,-43.2455,-19.5734
"665",3157252,"Santa Bárbara do Leste",22.69,16.72,-42.0823,-19.584
"666",3157278,"Santa Bárbara do Monte Verde",24.1,18.07,-43.4208,-21.5733
"667",3157302,"Santa Bárbara do Tugúrio",26.54,17.84,-43.3334,-21.1446
"668",3157336,"Santa Cruz de Minas",10.66,6.53,-44.1324,-21.0711
"669",3157377,"Santa Cruz de Salinas",41.51,34.16,-41.4447,-16.0554
"670",3157401,"Santa Cruz do Escalvado",27.27,19.05,-42.485,-20.141
"671",3157500,"Santa Efigênia de Minas",36.82,25.54,-42.2654,-18.4938
"672",3157609,"Santa Fé de Minas",34.08,23.81,-45.245,-16.4124
"673",3157658,"Santa Helena de Minas",50.71,39.17,-40.4108,-16.5859
"674",3157708,"Santa Juliana",13.41,8.74,-47.3131,-19.1831
"675",3157807,"Santa Luzia",10.38,5.97,-43.5105,-19.4611
"676",3157906,"Santa Margarida",19.1,14.88,-42.1502,-20.2302
"677",3158003,"Santa Maria de Itabira",27.26,18.12,-43.0645,-19.2658
"678",3158102,"Santa Maria do Salto",41.78,36.13,-40.0858,-16.1456
"679",3158201,"Santa Maria do Suaçuí",38.98,31.24,-42.2451,-18.1125
"680",3158300,"Santana da Vargem",18.82,11.09,-45.3024,-21.1457
"681",3158409,"Santana de Cataguases",18.71,13.43,-42.3326,-21.1714
"682",3158508,"Santana de Pirapama",27.21,21.17,-44.0235,-19.0022
"683",3158607,"Santana do Deserto",18.04,11.96,-43.0959,-21.57
"684",3158706,"Santana do Garambéu",26.7,20.98,-44.0616,-21.3605
"685",3158805,"Santana do Jacaré",30.27,18.69,-45.0751,-20.5352
"686",3158904,"Santana do Manhuaçu",27.71,22,-41.5531,-20.0627
"687",3158953,"Santana do paraíso",21.19,11.87,-42.3407,-19.2149
"688",3159001,"Santana do Riacho",28.59,19.02,-43.4252,-19.1008
"689",3159100,"Santana dos Montes",16.29,13.15,-43.413,-20.4716
"690",3159209,"Santa Rita de Caldas",11.53,9.78,-46.2012,-22.0143
"691",3159308,"Santa Rita de Jacutinga",19.18,14.67,-44.0542,-22.0858
"692",3159357,"Santa Rita de Minas",26.04,20.33,-42.0755,-19.5228
"693",3159407,"Santa Rita do Ibitipoca",24.51,21.42,-43.5453,-21.3346
"694",3159506,"Santa Rita do Itueto",30.51,23.29,-41.2248,-19.2135
"695",3159605,"Santa Rita do Sapucaí",14.86,10.78,-45.4212,-22.1508
"696",3159704,"Santa Rosa da Serra",22.97,15.47,-45.5759,-19.3147
"697",3159803,"Santa Vitória",21.55,14.98,-50.0717,-18.5019
"698",3159902,"Santo Antônio do Amparo",21.82,16.01,-44.5508,-20.5647
"699",3160009,"Santo Antônio do Aventureiro",22.47,16.25,-42.4856,-21.4529
"700",3160108,"Santo Antônio do Grama",24.56,18.98,-42.3631,-20.1852
"701",3160207,"Santo Antônio do Itambé",42.52,30.97,-43.1824,-18.2757
"702",3160306,"Santo Antônio do Jacinto",51.06,36.97,-40.1033,-16.3202
"703",3160405,"Santo Antônio do Monte",13.25,7.98,-45.1737,-20.0514
"704",3160454,"Santo Antônio do Retiro",49.69,42.37,-42.3725,-15.2022
"705",3160504,"Santo Antônio do Rio Abaixo",26.15,23.36,-43.1514,-19.1342
"706",3160603,"Santo Hipólito",30.36,21.04,-44.1323,-18.1749
"707",3160702,"Santos Dumont",12.7,8.86,-43.3309,-21.2724
"708",3160801,"São Bento Abade",22.8,16.84,-45.0433,-21.3454
"709",3160900,"São Brás do Suaçuí",10.27,5.73,-43.5657,-20.373
"710",3160959,"São Domingos das Dores",22.83,17.13,-42.0041,-19.3137
"711",3161007,"São Domingos do Prata",15.91,10.8,-42.5806,-19.5154
"712",3161056,"São Félix de Minas",42.07,28.56,-41.2911,-18.3528
"713",3161106,"São Francisco",32.57,23.67,-44.5152,-15.5655
"714",3161205,"São Francisco de Paula",24.06,16.53,-44.5907,-20.4236
"715",3161304,"São Francisco de Sales",19.64,12.84,-49.4627,-19.5146
"716",3161403,"São Francisco do Glória",26.01,18.68,-42.1603,-20.4722
"717",3161502,"São Geraldo",21.35,12.98,-42.5004,-20.5522
"718",3161601,"São Geraldo da Piedade",38.5,28.21,-42.1717,-18.501
"719",3161650,"São Geraldo do Baixio",30.69,26.21,-41.2136,-18.54
"720",3161700,"São Gonçalo do Abaeté",18.42,14.7,-45.5,-18.2018
"721",3161809,"São Gonçalo do Pará",13.23,8.02,-44.5132,-19.5858
"722",3161908,"São Gonçalo do Rio Abaixo",20.1,14.76,-43.2144,-19.4934
"723",3125507,"São Gonçalo do Rio Preto",33.26,23,-43.2327,-18.0015
"724",3162005,"São Gonçalo do Sapucaí",13.17,10.09,-45.3543,-21.5332
"725",3162104,"São Gotardo",14.66,10.12,-46.0256,-19.184
"726",3162203,"São João Batista do Glória",17.44,11.97,-46.302,-20.3829
"727",3162252,"São João da Lagoa",34.63,20.38,-44.2107,-16.5111
"728",3162302,"São João da Mata",16.4,12.9,-45.5544,-21.5548
"729",3162401,"São João da Ponte",48.75,38.48,-44.0028,-15.5545
"730",3162450,"São João das Missões",57.32,41.44,-44.0526,-14.5301
"731",3162500,"São João Del Rei",7.4,4.77,-44.1542,-21.0808
"732",3162559,"São João do Manhuaçu",23.79,18.45,-42.0905,-20.2337
"733",3162575,"São João do Manteninha",32.52,25.98,-41.0937,-18.4317
"734",3162609,"São João do Oriente",27.53,20.97,-42.0928,-19.2019
"735",3162658,"São João do Pacuí",50.37,28.51,-44.3058,-16.3231
"736",3162708,"São João do Paraíso",52.72,37.67,-42.0052,-15.1849
"737",3162807,"São João Evangelista",27.54,21.27,-42.4548,-18.3252
"738",3162906,"São João Nepomuceno",10.58,6.49,-43.0038,-21.3224
"739",3162922,"São Joaquim de Bicas",18.88,10.99,-44.1626,-20.0257
"740",3162948,"São José da Barra",12.33,8.27,-46.1841,-20.4305
"741",3162955,"São José da Lapa",11,6.81,-43.3659,-19.4227
"742",3163003,"São José da Safira",34.97,30.46,-42.0836,-18.1928
"743",3163102,"São José da Varginha",15.3,9.07,-44.3325,-19.4235
"744",3163201,"São José do Alegre",14.31,11.76,-45.3135,-22.1943
"745",3163300,"São José do Divino",36.97,26.96,-41.2322,-18.2843
"746",3163409,"São José do Goiabal",22.31,15.34,-42.4218,-19.5543
"747",3163508,"São José do Jacuri",32.3,25.9,-42.4013,-18.1631
"748",3163607,"São José do Mantimento",32.35,20.65,-41.4441,-20.0019
"749",3163706,"São Lourenço",8.15,5.05,-45.0316,-22.0659
"750",3163805,"São Miguel do Anta",23.6,21.07,-42.4308,-20.4226
"751",3163904,"São Pedro da União",20.6,15.33,-46.3655,-21.0736
"752",3164001,"São Pedro dos Ferros",23.38,19.19,-42.3126,-20.1013
"753",3164100,"São Pedro do Suaçuí",34.7,24.38,-42.3609,-18.2157
"754",3164209,"São Romão",31.45,19.53,-45.041,-16.2207
"755",3164308,"São Roque de Minas",14.92,11.97,-46.2157,-20.1443
"756",3164407,"São Sebastião da Bela Vista",23.51,17.91,-45.4515,-22.0933
"757",3164431,"São Sebastião da Vargem Alegre",21.79,15.3,-42.3811,-21.042
"758",3164472,"São Sebastião do Anta",33.78,23.3,-41.5901,-19.2952
"759",3164506,"São Sebastião do Maranhão",43.71,32.33,-42.3417,-18.0504
"760",3164605,"São Sebastião do Oeste",19.46,12.21,-45.0018,-20.1632
"761",3164704,"São Sebastião do Paraíso",11.19,7.8,-46.5929,-20.5501
"762",3164803,"São Sebastião do Rio Preto",18.65,16.5,-43.1026,-19.1731
"763",3164902,"São Sebastião do Rio Verde",11,12.16,-44.5834,-22.1306
"764",3165008,"São Tiago",14.36,9.97,-44.3033,-20.5447
"765",3165107,"São Tomás de Aquino",20.26,14.63,-47.0553,-20.4704
"766",3165206,"São Tomé das Letras",24.27,16.1,-44.5907,-21.432
"767",3165305,"São Vicente de Minas",15.22,8.92,-44.2639,-21.4245
"768",3165404,"Sapucaí Mirim",21.06,12.89,-45.4433,-22.4452
"769",3165503,"Sardoá",31.24,23.5,-42.2154,-18.4701
"770",3165537,"Sarzedo",11.98,7.31,-44.0841,-20.0207
"771",3165560,"Sem-Peixe",28.72,19.14,-42.5022,-20.0633
"772",3165578,"Senador Amaral",21.58,16.14,-46.1036,-22.3514
"773",3165602,"Senador Cortês",20.58,14.64,-42.5644,-21.4802
"774",3165701,"Senador Firmino",20.89,12.09,-43.0548,-20.5443
"775",3165800,"Senador José Bento",16.12,14.17,-46.1044,-22.0952
"776",3165909,"Senador Modestino Gonçalves",39.33,31.63,-43.133,-17.5648
"777",3166006,"Senhora de Oliveira",24.55,15.82,-43.204,-20.4738
"778",3166105,"Senhora do Porto",32.39,23.3,-43.0503,-18.5332
"779",3166204,"Senhora dos Remédios",24.55,17.39,-43.3457,-21.0141
"780",3166303,"Sericita",31.8,22.44,-42.2855,-20.2826
"781",3166402,"Seritinga",17.63,11.23,-44.3109,-21.5433
"782",3166501,"Serra Azul de Minas",44.92,35.92,-43.1012,-18.2143
"783",3166600,"Serra da Saudade",24.74,16.63,-45.4745,-19.2616
"784",3166709,"Serra dos Aimorés",34.03,24.64,-40.1451,-17.4657
"785",3166808,"Serra do Salitre",16.94,11.49,-46.4123,-19.0641
"786",3166907,"Serrania",19.35,16.97,-46.0223,-21.3253
"787",3166956,"Serranópolis de Minas",37.97,29.64,-42.5217,-15.4943
"788",3167004,"Serranos",23.67,20.78,-44.3036,-21.5325
"789",3167103,"Serro",34.32,24.43,-43.2246,-18.3617
"790",3167202,"Sete Lagoas",8.16,4.91,-44.1448,-19.2757
"791",3165552,"Setubinha",61.3,44.06,-42.1622,-17.4332
"792",3167301,"Silveirânia",20,13.52,-43.1255,-21.0932
"793",3167400,"Silvianópolis",18.57,14.39,-45.5006,-22.0146
"794",3167509,"Simão Pereira",14.99,12.97,-43.1843,-21.5749
"795",3167608,"Simonésia",27.06,21.59,-42.0005,-20.0726
"796",3167707,"Sobrália",30.8,24.58,-42.0554,-19.1405
"797",3167806,"Soledade de Minas",14.19,10.92,-45.0242,-22.0336
"798",3167905,"Tabuleiro",22.51,15.22,-43.1452,-21.2132
"799",3168002,"Taiobeiras",36.11,23.18,-42.1359,-15.4828
"800",3168051,"Taparuba",28.81,22.37,-41.3656,-19.4531
"801",3168101,"Tapira",15.01,8.33,-46.4923,-19.552
"802",3168200,"Tapiraí",19.31,15.13,-46.0113,-19.5316
"803",3168309,"Taquaraçu de Minas",18.22,17.59,-43.4114,-19.4011
"804",3168408,"Tarumirim",29.26,21.99,-42.0024,-19.1651
"805",3168507,"Teixeiras",18.52,12.61,-42.5124,-20.3904
"806",3168606,"Teófilo Otoni",23.8,16.25,-41.3019,-17.5127
"807",3168705,"Timóteo",8.61,5.53,-42.384,-19.3457
"808",3168804,"Tiradentes",11.98,7.18,-44.1041,-21.0637
"809",3168903,"Tiros",17.42,12.8,-45.5752,-19.0014
"810",3169000,"Tocantins",17.8,10.84,-43.0104,-21.103
"811",3169059,"Tocos do Moji",16.45,11.98,-46.0544,-22.2214
"812",3169109,"Toledo",27.32,20.2,-46.2219,-22.4435
"813",3169208,"Tombos",17.77,14.76,-42.0122,-20.5417
"814",3169307,"Três Corações",13.17,8.66,-45.1512,-21.4149
"815",3169356,"Três Marias",14.27,9.11,-45.143,-18.1223
"816",3169406,"Três Pontas",15.64,10.93,-45.3045,-21.22
"817",3169505,"Tumiritinga",31.19,22,-41.3843,-18.5845
"818",3169604,"Tupaciguara",16.2,11.45,-48.4218,-18.3532
"819",3169703,"Turmalina",32.16,19.84,-42.4348,-17.1708
"820",3169802,"Turvolândia",19.03,13.33,-45.4713,-21.5232
"821",3169901,"Ubá",12.28,7.14,-42.5634,-21.0712
"822",3170008,"Ubaí",36.55,26.94,-44.4641,-16.1707
"823",3170057,"Ubaporanga",25.14,18.19,-42.062,-19.3807
"824",3170107,"Uberaba",7.88,5.11,-47.5555,-19.4454
"825",3170206,"Uberlândia",7.04,4.65,-48.1638,-18.5507
"826",3170305,"Umburatiba",39.01,33.18,-40.3422,-17.1521
"827",3170404,"Unaí",16.94,10.92,-46.5422,-16.2127
"828",3170438,"União de Minas",22.49,17.19,-50.2009,-19.3149
"829",3170479,"Uruana de Minas",25.86,22.85,-46.1515,-16.0351
"830",3170503,"Urucânia",25.23,19.31,-42.4422,-20.2103
"831",3170529,"Urucuia",31.8,17.98,-45.4432,-16.0757
"832",3170578,"Vargem Alegre",26.22,23.47,-42.1754,-19.363
"833",3170602,"Vargem Bonita",13.9,9.57,-46.2158,-20.1936
"834",3170651,"Vargem Grande do Rio Pardo",46.19,34.48,-42.1827,-15.241
"835",3170701,"Varginha",9.22,5.72,-45.2549,-21.3305
"836",3170750,"Varjão de Minas",19.32,11.72,-46.0154,-18.224
"837",3170800,"Várzea da Palma",21.34,15.69,-44.4351,-17.3553
"838",3170909,"Varzelândia",47.85,33.46,-44.0139,-15.4205
"839",3171006,"Vazante",13.86,9.18,-46.5428,-17.5913
"840",3171030,"Verdelândia",52.71,37.53,-43.361,-15.3521
"841",3171071,"Veredinha",39.44,30.06,-42.4408,-17.2358
"842",3171105,"Veríssimo",17.43,15.1,-48.183,-19.3948
"843",3171154,"Vermelho Novo",21.53,16.43,-42.1601,-20.021
"844",3171204,"Vespasiano",12.86,7.5,-43.5524,-19.4131
"845",3171303,"Viçosa",10.95,7.04,-42.5255,-20.4514
"846",3171402,"Vieiras",22.38,18.19,-42.1437,-20.5157
"847",3171600,"Virgem da Lapa",38.4,29.33,-42.2035,-16.4816
"848",3171709,"Virgínia",22.49,15.19,-45.053,-22.2
"849",3171808,"Virginópolis",20.13,16.5,-42.4214,-18.4922
"850",3171907,"Virgolândia",30.22,27.3,-42.1824,-18.2833
"851",3172004,"Visconde do Rio Branco",17.27,10.82,-42.5026,-21.0037
"852",3172103,"Volta Grande",18.15,15.17,-42.322,-21.4614
"853",3172202,"Wenceslau Braz",16.47,6.16,-45.2146,-22.3204
